<?xml version="1.0" encoding="UTF-8" ?>
<!DOCTYPE mapper
PUBLIC "-//mybatis.org//DTD Mapper 3.0//EN"
"http://mybatis.org/dtd/mybatis-3-mapper.dtd">
<mapper namespace="demo_final.dao.AdminDao">


  <select id="selectList"  resultType="AdminVo">
  	 select * from admin order by admin_idx
  </select>
<!--   
  <select id="selectList"  resultType="AdminVo">
  	 select * from admin order by mem_idx
  </select> -->
  
  <select id="selectOneFromIdx" parameterType="int"  resultType="AdminVo">
     select * from admin where admin_idx=#{ admin_idx }
  </select>

  
  <select id="selectOneFromId" parameterType="String"  resultType="AdminVo">
     select * from admin where admin_id=#{ admin_id }
  </select>
  
  
  <!-- 추가  -->
  <insert id="insert"  parameterType="AdminVo">
  	 insert into admin values(
                        seq_admin_admin_idx.nextVal,
  	                           #{ admin_name },
  	                           #{ admin_id },
  	                           #{ admin_pwd },
                              #{ admin_ip },
  
  	                           '관리자')
  
  </insert>
  
  <!-- 수정 -->
  <update id="update" parameterType="AdminVo">
  	 update admin set admin_name=#{ admin_name },
  	                   admin_id=#{ admin_id },
  	                   admin_pwd=#{ admin_pwd },
                       admin_grade=#{ admin_grade },
                     admin_ip=#{ admin_ip },

	 where admin_idx=#{ admin_idx }
  
  </update>
  
  <!-- 삭제  -->
  <delete id="delete" parameterType="int">
  	 delete from admin where admin_idx=#{ admin_idx }
  </delete>
  
  
  
 
</mapper>












