<?xml version="1.0" encoding="UTF-8" ?>
<!DOCTYPE mapper
PUBLIC "-//mybatis.org//DTD Mapper 3.0//EN"
"http://mybatis.org/dtd/mybatis-3-mapper.dtd">
<mapper namespace="demo_final.dao.BoardDao">

  <!-- 전체조회 -->
  <select id="selectList"  resultType="BoardVo">
  	 select * from board 
     order by b_ref desc,b_step asc
  </select>
  <!--조건별 조회: 검색 및 페이징 -->
  <select id="selectConditionList" parameterType="Map" resultType="BoardVo">
    select * from 
      (
          select
          rank() over(order by b_ref desc,b_step asc) as no,
           (select count(*) from comment_board where b_idx=b.b_idx) as comment_count,
          b.*
          from
          (select * from board

          <!-- Dynamic Query -->

            <trim prefix="where" prefixOverrides="or">
                
              <!-- 제목 검색 -->
              <if test="subject!=null">
                                <!-- 변수명은 map에 포장된 key 값으로 -->
                 b_subject like '%' || #{subject} || '%'
              </if>
              <!-- 내용 검색 -->	
                <if test="content!=null">
                  or b_content like '%' || #{ content } || '%'	  		
                </if>
              <!-- 이름 검색 -->
                <if test="name!=null">
                  or mem_name like '%' || #{ name } || '%'	  		
                </if>
              </trim>
         ) b
      )
     where no between #{start} and #{end}
      
  </select>
  
 
  <!-- 전체 게시물(검색조건포함) 수 -->
  <select id="selectRowTotal" parameterType="Map" resultType="int">
    select nvl(count(*),0) from board
        <trim prefix="where" prefixOverrides="or">
                    
            <!-- 제목 검색 -->
            <if test="subject!=null">
              b_subject like '%' || #{subject} || '%'
            </if>
            <!-- 내용 검색 -->	
              <if test="content!=null">
                or b_content like '%' || #{ content } || '%'	  		
              </if>
            <!-- 이름 검색 -->
              <if test="name!=null">
              or	mem_name like '%' || #{ name } || '%'	  		
              </if>
          </trim>
  </select>
  
  <select id="selectOne" parameterType="int" resultType="BoardVo">
     select * from board where b_idx=#{ b_idx }
  </select>
  
  <!-- 조회수 증가 -->
  <update id="update_readhit" parameterType="int">
      update board set b_readhit = b_readhit+1
      where b_idx=#{ b_idx }
  </update>
 
  <!-- 새글쓰기 -->
  <insert id="insert" parameterType="BoardVo">
    insert into board values(
                  seq_board_b_idx.nextVal, 
                  #{ b_subject },
                  #{ b_content },
                  #{ b_ip },
                  sysdate,                
                  #{ mem_idx },
                  #{ mem_name },
                  seq_board_b_idx.currVal,
                  0,
                  0)
  </insert>

  <!-- 답글쓰기 -->
  <insert id="reply" parameterType="BoardVo">
    insert into board values(
                  seq_board_b_idx.nextVal, 
                  #{ b_subject },
                  #{ b_content },
                  #{ b_ip },
                  sysdate,
                  0,
                  'y',
                  #{ mem_idx },
                  #{ mem_name },
                  #{ b_ref },
                  #{ b_step },
    )
  </insert>

  <update id="update_step" parameterType="BoardVo">
      update board set b_step = b_step + 1
      where b_ref=#{ b_ref} and b_step > #{ b_step }
  </update>

  <!-- 수정 -->
  <update id="update" parameterType="BoardVo">
      update board set b_subject=#{b_subject},
                       b_content=#{b_content},
                       b_ip=#{b_ip},
                       b_regdate=sysdate
      where b_idx=#{b_idx}                 
  </update>

  <!-- 삭제 -->
  <update id="delete" parameterType="int">
    delete board where b_idx=#{b_idx}
  </update> 
</mapper>












